{
  "DSModel1": {
    "n_complete_cases": 5500,
    "n_obese": 159,
    "prevalence_pct": 2.89,
    "n_baseline_features": 27,
    "n_extended_features": 28,
    "imc_materno_mean_obese": 25.640446964617446,
    "imc_materno_mean_nonobese": 24.03921619768324,
    "univariate_p_mannwhitney": 0.0004934992484162029,
    "algorithms": {
      "Logistic Regression": {
        "baseline_auc": 0.5461792967537259,
        "baseline_ci": [
          0.49205359450653485,
          0.6055191843941754
        ],
        "extended_auc": 0.5811966699495701,
        "extended_ci": [
          0.5218977467285962,
          0.644758748829588
        ],
        "delta_auc": 0.03501737319584419,
        "baseline_folds": [
          0.550740818974622,
          0.5328593164794008,
          0.4588892790262172,
          0.5404084737827715,
          0.647998595505618
        ],
        "extended_folds": [
          0.5418389209088988,
          0.5947741104868913,
          0.4907244850187266,
          0.5954763576779026,
          0.6831694756554307
        ]
      },
      "Random Forest": {
        "baseline_auc": 0.5758845873584855,
        "baseline_ci": [
          0.5665973682573617,
          0.5843340355805243
        ],
        "extended_auc": 0.5596199142440031,
        "extended_ci": [
          0.5267752279144153,
          0.6135290902739657
        ],
        "delta_auc": -0.01626467311448232,
        "baseline_folds": [
          0.5792268927849362,
          0.5903704353932585,
          0.5745991338951311,
          0.5592667368913857,
          0.5759597378277154
        ],
        "extended_folds": [
          0.5273393886357465,
          0.6656425561797753,
          0.5433783941947566,
          0.5223987593632958,
          0.5393404728464419
        ]
      },
      "TabNet": {
        "baseline_auc": 0.5429200464656984,
        "baseline_ci": [
          0.5141611369388874,
          0.5729342228464419
        ],
        "extended_auc": 0.5294984985428531,
        "extended_ci": [
          0.5038945627269621,
          0.5532127808988764
        ],
        "delta_auc": -0.013421547922845223,
        "baseline_folds": [
          0.5040284860738102,
          0.5837868679775281,
          0.5775105337078652,
          0.5357999765917604,
          0.5134743679775281
        ],
        "extended_folds": [
          0.4891064908416065,
          0.54874765917603,
          0.5438611891385767,
          0.5034234550561798,
          0.5623536985018727
        ]
      }
    }
  },
  "DSModel2": {
    "n_complete_cases": 5122,
    "n_obese": 151,
    "prevalence_pct": 2.95,
    "n_baseline_features": 17,
    "n_extended_features": 18,
    "imc_materno_mean_obese": 25.684330964170666,
    "imc_materno_mean_nonobese": 23.979652920262595,
    "univariate_p_mannwhitney": 0.00041286486828926377,
    "algorithms": {
      "Logistic Regression": {
        "baseline_auc": 0.5954788359486363,
        "baseline_ci": [
          0.5767279927471025,
          0.6178401592349797
        ],
        "extended_auc": 0.5934612866587323,
        "extended_ci": [
          0.5715666932920808,
          0.6173779046462272
        ],
        "delta_auc": -0.0020175492899039416,
        "baseline_folds": [
          0.5809380234505863,
          0.6395145063931978,
          0.5677397719651242,
          0.6029175050301812,
          0.5862843729040912
        ],
        "extended_folds": [
          0.5802010050251256,
          0.640358278704485,
          0.5582494969818914,
          0.6028839704896043,
          0.5856136820925553
        ]
      },
      "Random Forest": {
        "baseline_auc": 0.5828523674602867,
        "baseline_ci": [
          0.570949243850198,
          0.5976511602168258
        ],
        "extended_auc": 0.5807656506934838,
        "extended_ci": [
          0.5589967577660266,
          0.6061162713461293
        ],
        "delta_auc": -0.002086716766802832,
        "baseline_folds": [
          0.5909380234505862,
          0.5714123450379698,
          0.6086351441985245,
          0.5686452045606976,
          0.5746311200536552
        ],
        "extended_folds": [
          0.5694472361809045,
          0.6305413123904718,
          0.546830985915493,
          0.5719651240778001,
          0.5850435949027498
        ]
      },
      "TabNet": {
        "baseline_auc": 0.5584200516222095,
        "baseline_ci": [
          0.5136613921384253,
          0.6042753987587925
        ],
        "extended_auc": 0.51747898467696,
        "extended_ci": [
          0.4981701576346282,
          0.5358776313796758
        ],
        "delta_auc": -0.04094106694524957,
        "baseline_folds": [
          0.5362144053601341,
          0.6368046991627182,
          0.5585513078470825,
          0.48578135479543927,
          0.574748490945674
        ],
        "extended_folds": [
          0.48536013400335004,
          0.5466021938080093,
          0.5020456069751844,
          0.5327967806841045,
          0.5205902079141516
        ]
      }
    }
  },
  "DSModel3": {
    "n_complete_cases": 5122,
    "n_obese": 151,
    "prevalence_pct": 2.95,
    "n_baseline_features": 44,
    "n_extended_features": 45,
    "imc_materno_mean_obese": 25.684330964170666,
    "imc_materno_mean_nonobese": 23.979652920262595,
    "univariate_p_mannwhitney": 0.00041286486828926377,
    "algorithms": {
      "Logistic Regression": {
        "baseline_auc": 0.5707623476852903,
        "baseline_ci": [
          0.5354830692698906,
          0.5974216583882177
        ],
        "extended_auc": 0.5727976128234257,
        "extended_ci": [
          0.5404579503823612,
          0.5957116562236118
        ],
        "delta_auc": 0.002035265138135345,
        "baseline_folds": [
          0.574572864321608,
          0.6017070162912962,
          0.604560697518444,
          0.5094232059020791,
          0.5635479543930247
        ],
        "extended_folds": [
          0.5786599664991625,
          0.6041409748815474,
          0.5958081824279007,
          0.5149899396378269,
          0.5703890006706909
        ]
      },
      "Random Forest": {
        "baseline_auc": 0.5704819484802043,
        "baseline_ci": [
          0.5360418671318994,
          0.6063246143527834
        ],
        "extended_auc": 0.5666336987723064,
        "extended_ci": [
          0.5441093875078427,
          0.5897667984456151
        ],
        "delta_auc": -0.0038482497078978772,
        "baseline_folds": [
          0.5794472361809045,
          0.5178652560524437,
          0.5696680080482897,
          0.5471663313212608,
          0.6382629107981221
        ],
        "extended_folds": [
          0.5923450586264657,
          0.5308301421431817,
          0.5442823608316566,
          0.5953890006706908,
          0.5703219315895371
        ]
      },
      "TabNet": {
        "baseline_auc": 0.5219946021838059,
        "baseline_ci": [
          0.5042837131939526,
          0.5412507305137357
        ],
        "extended_auc": 0.515109351412957,
        "extended_ci": [
          0.4827398801410614,
          0.5576485362708482
        ],
        "delta_auc": -0.006885250770848894,
        "baseline_folds": [
          0.5169346733668341,
          0.4915460504965275,
          0.5298457411133468,
          0.5574614352783367,
          0.5141851106639839
        ],
        "extended_folds": [
          0.5984589614740368,
          0.47458947231777765,
          0.5039235412474848,
          0.5182763246143527,
          0.4802984574111335
        ]
      }
    }
  }
}