{
  "Model 1": [
    {
      "algorithm": "XGBoost",
      "auc": {
        "mean": 0.5095590907066316,
        "ci_lower": 0.44001001280533025,
        "ci_upper": 0.579108168607933
      },
      "precision": {
        "mean": 0.029831581335929815,
        "ci_lower": 0.019484589967201912,
        "ci_upper": 0.04017857270465772
      },
      "recall": {
        "mean": 0.1963963963963964,
        "ci_lower": 0.07254335819318118,
        "ci_upper": 0.3202494345996116
      },
      "f1": {
        "mean": 0.04911122699337198,
        "ci_lower": 0.03686945261464271,
        "ci_upper": 0.06135300137210126
      },
      "fold_aucs": [
        0.4486781863831044,
        0.5704369474861277,
        0.5498660252758614,
        0.5261514441842311,
        0.45266285020383384
      ],
      "model": "Model 1"
    },
    {
      "algorithm": "LightGBM",
      "auc": {
        "mean": 0.5271983927721633,
        "ci_lower": 0.4536830621817548,
        "ci_upper": 0.6007137233625718
      },
      "precision": {
        "mean": 0.018910246652182137,
        "ci_lower": -0.006572091448549974,
        "ci_upper": 0.044392584752914244
      },
      "recall": {
        "mean": 0.08648648648648649,
        "ci_lower": -0.03543754952967809,
        "ci_upper": 0.20841052250265107
      },
      "f1": {
        "mean": 0.030983616359722556,
        "ci_lower": -0.011058954641254816,
        "ci_upper": 0.07302618736069993
      },
      "fold_aucs": [
        0.45010232715150755,
        0.578243348735152,
        0.557208262126295,
        0.5729898516783762,
        0.4774481741694857
      ],
      "model": "Model 1"
    },
    {
      "algorithm": "CatBoost",
      "auc": {
        "mean": 0.4991988475595033,
        "ci_lower": 0.4269866609500949,
        "ci_upper": 0.5714110341689116
      },
      "precision": {
        "mean": 0.046456118507736725,
        "ci_lower": -0.003720726267530207,
        "ci_upper": 0.09663296328300366
      },
      "recall": {
        "mean": 0.1581081081081081,
        "ci_lower": 0.005749253434476298,
        "ci_upper": 0.3104669627817399
      },
      "f1": {
        "mean": 0.056156314273961325,
        "ci_lower": 0.016043143519290558,
        "ci_upper": 0.09626948502863208
      },
      "fold_aucs": [
        0.456379095723358,
        0.48207692469987556,
        0.5562588349473596,
        0.5644461792002776,
        0.43683320322664587
      ],
      "model": "Model 1"
    },
    {
      "algorithm": "MLP",
      "auc": {
        "mean": 0.5035453486273159,
        "ci_lower": 0.4300702421141836,
        "ci_upper": 0.5770204551404482
      },
      "precision": {
        "mean": 0.0,
        "ci_lower": 0.0,
        "ci_upper": 0.0
      },
      "recall": {
        "mean": 0.0,
        "ci_lower": 0.0,
        "ci_upper": 0.0
      },
      "f1": {
        "mean": 0.0,
        "ci_lower": 0.0,
        "ci_upper": 0.0
      },
      "fold_aucs": [
        0.5975272696584173,
        0.4661054497120071,
        0.5183450429352069,
        0.49032873623037554,
        0.4454202446005725
      ],
      "model": "Model 1"
    },
    {
      "algorithm": "TabNet",
      "auc": {
        "mean": 0.5726590759377646,
        "ci_lower": 0.5333392246952668,
        "ci_upper": 0.6119789271802623
      },
      "precision": {
        "mean": 0.039504855446140665,
        "ci_lower": 0.032043631204282476,
        "ci_upper": 0.04696607968799885
      },
      "recall": {
        "mean": 0.49774774774774777,
        "ci_lower": 0.274952784705646,
        "ci_upper": 0.7205427107898495
      },
      "f1": {
        "mean": 0.07255068792209854,
        "ci_lower": 0.059776930536897,
        "ci_upper": 0.08532444530730007
      },
      "fold_aucs": [
        0.5563748760470072,
        0.5792982678228579,
        0.5698461927970125,
        0.6214112238702403,
        0.5363648191517044
      ],
      "model": "Model 1"
    }
  ],
  "Model 2": [
    {
      "algorithm": "XGBoost",
      "auc": {
        "mean": 0.5484434102173827,
        "ci_lower": 0.4830854823587407,
        "ci_upper": 0.6138013380760248
      },
      "precision": {
        "mean": 0.03341264355784261,
        "ci_lower": 0.028518018327426446,
        "ci_upper": 0.038307268788258776
      },
      "recall": {
        "mean": 0.2829059829059829,
        "ci_lower": 0.13348253959119788,
        "ci_upper": 0.4323294262207679
      },
      "f1": {
        "mean": 0.05922358615006497,
        "ci_lower": 0.049385374763811,
        "ci_upper": 0.06906179753631894
      },
      "fold_aucs": [
        0.525180014049877,
        0.4663703703703704,
        0.5794920634920635,
        0.5791746031746031,
        0.592
      ],
      "model": "Model 2"
    },
    {
      "algorithm": "LightGBM",
      "auc": {
        "mean": 0.5577574132615227,
        "ci_lower": 0.4640804697546065,
        "ci_upper": 0.651434356768439
      },
      "precision": {
        "mean": 0.03638867329669678,
        "ci_lower": 0.0010868952898305667,
        "ci_upper": 0.071690451303563
      },
      "recall": {
        "mean": 0.11880341880341878,
        "ci_lower": -0.05423442602011953,
        "ci_upper": 0.2918412636269571
      },
      "f1": {
        "mean": 0.0396987087517934,
        "ci_lower": 0.009360696634832778,
        "ci_upper": 0.07003672086875401
      },
      "fold_aucs": [
        0.5819722514927993,
        0.4416084656084656,
        0.5295238095238095,
        0.5994920634920634,
        0.6361904761904761
      ],
      "model": "Model 2"
    },
    {
      "algorithm": "CatBoost",
      "auc": {
        "mean": 0.5652527985459492,
        "ci_lower": 0.5116896316243009,
        "ci_upper": 0.6188159654675975
      },
      "precision": {
        "mean": 0.04266782340648634,
        "ci_lower": 0.030055567056956382,
        "ci_upper": 0.055280079756016294
      },
      "recall": {
        "mean": 0.3188034188034188,
        "ci_lower": 0.11753683443888621,
        "ci_upper": 0.5200700031679514
      },
      "f1": {
        "mean": 0.06622677740615053,
        "ci_lower": 0.04555233919140772,
        "ci_upper": 0.08690121562089334
      },
      "fold_aucs": [
        0.5417983842641376,
        0.529058201058201,
        0.5432804232804234,
        0.6358095238095237,
        0.5763174603174603
      ],
      "model": "Model 2"
    },
    {
      "algorithm": "MLP",
      "auc": {
        "mean": 0.5665900691900692,
        "ci_lower": 0.4629351458084272,
        "ci_upper": 0.6702449925717111
      },
      "precision": {
        "mean": 0.04,
        "ci_lower": -0.07105780420791194,
        "ci_upper": 0.15105780420791196
      },
      "recall": {
        "mean": 0.007407407407407407,
        "ci_lower": -0.013158852631094804,
        "ci_upper": 0.02797366744590962
      },
      "f1": {
        "mean": 0.0125,
        "ci_lower": -0.022205563814972493,
        "ci_upper": 0.0472055638149725
      },
      "fold_aucs": [
        0.4775641025641026,
        0.6097777777777778,
        0.488042328042328,
        0.5830687830687831,
        0.6744973544973545
      ],
      "model": "Model 2"
    },
    {
      "algorithm": "TabNet",
      "auc": {
        "mean": 0.6013533220711302,
        "ci_lower": 0.5667781681175577,
        "ci_upper": 0.6359284760247028
      },
      "precision": {
        "mean": 0.039147825337590265,
        "ci_lower": 0.03223259489684117,
        "ci_upper": 0.046063055778339364
      },
      "recall": {
        "mean": 0.6635327635327635,
        "ci_lower": 0.48566804797757684,
        "ci_upper": 0.8413974790879502
      },
      "f1": {
        "mean": 0.07368065664072967,
        "ci_lower": 0.061616398336390224,
        "ci_upper": 0.08574491494506913
      },
      "fold_aucs": [
        0.6105549701440113,
        0.5945396825396825,
        0.5605079365079364,
        0.6373544973544973,
        0.6038095238095238
      ],
      "model": "Model 2"
    }
  ],